position,mutation,01N2S3.g,01N3S3.g,01N5S4.g,01P3S1.g,01P4S5.g,01P5S1.g,03N1S1.g,03N2S5.g,03N3S2.g,03N3S4.g,03N5S2.g,03P2S4.g,03P3S5.g,03P5S5.g,05N2S5.g,05N3S3.g,05P2S1.g,05P2S2.g,05P3S1.g,05P4S4.g,05P5S4.g,12P2S5.g,12P3S4.g,12P4S2.g,16N5S4.g,16P3S2.g,16P5S2.g,19N3S4.g,19P3S4.g,19P5S2.g,21N2S3.g,21N3S2.g,21P2S4.g,21P3S4.g,21P4S2.g,21P5S1.g,annotation,gene,description
12864,CsubG,0,0,0,0,0,0,0,0,0,0,0,0,0,0,0,0,0,0,0,0,0,0,0,0,0,0,0,0,1,0,0,0,0,0,0,0,A100G (GCT→GGT) ,ftsY →,"Signal recognition particle GTPase, FtsY"
101693,CsubT,0,0,0,0,0,0,0,0,0,0,0,0,0,0,0,0,0,0,0,0,0,0,0,0,0,0,0,0,0,0,0,0,1,0,0,0,D237N (GAC→AAC) ,SynWH7803_0099 ←,hypothetical protein
102841,GsubA,0,0,0,0,0,0,0,0,0,0,0,0,0,0,0,0,0,0,0,0,0,0,0,0,1,0,0,1,0,0,0,0,0,0,0,0,intergenic (+21/‑38),SynWH7803_0101 → / → SynWH7803_0102,hypothetical protein/glucose‑1‑phosphate thymidylyltransferase
102850,CsubT,0,0,0,0,0,0,0,0,0,0,0,0,0,0,0,0,0,0,0,1,0,0,0,0,0,0,0,0,0,0,0,0,0,0,0,0,intergenic (+30/‑29),SynWH7803_0101 → / → SynWH7803_0102,hypothetical protein/glucose‑1‑phosphate thymidylyltransferase
103283,CsubA,0,0,0,0,0,0,0,0,0,0,0,0,0,1,0,1,0,0,0,0,0,0,1,0,0,0,0,0,0,0,1,1,0,0,0,0,F135L (TTC→TTA) ,SynWH7803_0102 →,glucose‑1‑phosphate thymidylyltransferase
103376,CsubT,0,0,0,0,0,0,0,0,0,0,0,0,0,0,0,0,0,0,0,0,0,0,0,0,0,0,0,0,0,0,0,0,1,0,0,0,P166P (CCC→CCT) ,SynWH7803_0102 →,glucose‑1‑phosphate thymidylyltransferase
103845,AsubT,0,0,0,0,0,0,0,0,0,0,0,0,0,0,0,0,0,0,0,0,0,0,0,0,0,0,0,0,0,0,0,0,1,0,0,0,Q12H (CAA→CAT) ,rfbC →,"dTDP‑4‑dehydrorhamnose 3,5‑epimerase"
103909,GsubA,0,0,0,0,0,0,0,0,0,0,0,0,0,0,0,0,0,0,0,0,0,0,0,0,0,0,0,0,0,1,0,0,0,0,0,0,E34K (GAG→AAG) ,rfbC →,"dTDP‑4‑dehydrorhamnose 3,5‑epimerase"
104094,CsubT,0,0,0,0,0,0,0,0,0,0,0,0,0,0,0,0,0,0,0,0,0,0,0,0,0,0,0,0,0,1,0,0,0,0,0,0,A95A (GCC→GCT) ,rfbC →,"dTDP‑4‑dehydrorhamnose 3,5‑epimerase"
104119,CsubT,0,0,0,0,0,0,0,0,0,0,0,0,0,0,0,0,0,0,0,0,0,0,0,0,0,0,0,0,0,0,0,0,1,0,0,0,R104C (CGC→TGC) ,rfbC →,"dTDP‑4‑dehydrorhamnose 3,5‑epimerase"
104881,d42 bp,0,0,0,0,0,0,0,0,0,0,0,0,0,0,0,0,0,0,0,0,0,0,1,0,0,0,0,0,0,0,0,0,0,0,0,0,coding (458‑499/888 nt),rfbD →,putative dTDP‑4‑dehydrorhamnose reductase
104891,d1 bp,0,0,0,0,0,0,0,0,0,0,0,0,0,0,0,0,0,0,0,0,0,0,0,0,0,0,0,0,0,0,0,0,0,0,0,1,coding (468/888 nt),rfbD →,putative dTDP‑4‑dehydrorhamnose reductase
104894,CsubT,0,0,0,0,0,0,0,0,0,0,0,0,0,0,0,0,0,0,0,0,0,0,0,0,0,1,0,0,0,0,0,0,1,0,1,0,G157G (GGC→GGT) ,rfbD →,putative dTDP‑4‑dehydrorhamnose reductase
104895,GsubT,0,0,0,0,0,0,0,0,0,0,0,0,0,0,0,0,0,0,0,0,0,0,0,0,0,0,0,0,0,0,0,0,0,0,0,1,A158S (GCG→TCG) ,rfbD →,putative dTDP‑4‑dehydrorhamnose reductase
104908,AsubT,0,0,0,0,0,0,0,0,0,0,0,0,0,0,0,0,0,0,0,0,0,0,0,0,0,0,0,0,0,0,0,0,1,0,0,0,N162I (AAC→ATC) ,rfbD →,putative dTDP‑4‑dehydrorhamnose reductase
106218,GsubA,0,0,0,0,0,0,0,0,0,0,1,0,0,0,0,0,0,0,0,0,0,0,0,0,0,0,0,0,0,0,0,0,0,0,0,0,W305* (TGG→TGA) ,SynWH7803_0105 →,sugar transferase
106237,GsubA,0,0,0,0,0,0,0,0,0,0,0,0,0,0,0,0,1,0,0,0,0,0,0,0,0,0,0,0,0,0,0,0,0,0,0,0,V312I (GTC→ATC) ,SynWH7803_0105 →,sugar transferase
152770,d1 bp,0,0,1,0,0,0,0,0,0,0,0,0,0,0,0,0,0,0,0,0,0,0,0,0,0,0,0,0,0,0,0,0,0,0,0,0,coding (626/744 nt),SynWH7803_0136 →,"ABC‑type polysaccharide/polyol phosphate transport system, ATPase component"
154970,d1 bp,0,1,0,0,0,0,0,0,0,0,0,0,0,0,0,0,0,0,0,0,0,0,0,0,0,0,0,0,0,0,0,0,0,0,0,0,coding (1411/1596 nt),SynWH7803_0139 ←,glycosyl transferase family protein
157239,2 bpsubAC,0,0,0,0,0,0,0,0,0,0,0,0,0,0,0,0,0,0,0,0,0,0,0,0,0,0,0,0,0,0,0,0,0,0,1,0,coding (118‑119/981 nt),SynWH7803_0140 ←,glycosyl transferase family protein
163807,GsubT,0,0,0,0,0,0,0,0,0,0,1,0,0,0,0,0,0,0,0,0,0,0,0,0,0,0,0,0,0,0,0,0,0,0,0,0,I305I (ATC→ATA) ,miaA ←,tRNA delta(2)‑isopentenylpyrophosphate transferase
185296,d1 bp,0,0,0,0,0,0,0,0,0,0,0,0,0,0,0,0,0,0,0,0,0,0,0,0,0,0,0,1,0,0,0,0,0,0,0,0,coding (882/1506 nt),xylB →,xylulose kinase
209236,GsubA,0,0,1,0,0,0,0,0,0,0,0,0,0,0,0,0,0,0,0,0,0,0,0,0,0,0,0,0,0,0,0,0,0,0,0,0,P171L (CCC→CTC) ,SynWH7803_0191 ←,hypothetical protein
239024,GsubT,0,0,0,0,0,0,0,0,0,0,0,0,0,0,0,0,0,0,1,0,0,0,0,0,0,0,0,0,0,0,0,0,0,0,0,0,R166L (CGC→CTC) ,SynWH7803_0218 →,glycosyl transferase family protein
239739,AsubG,0,0,0,0,0,0,0,0,1,0,0,0,0,0,0,0,0,0,0,0,0,0,0,0,0,0,0,0,0,0,0,0,0,0,0,0,L340P (CTT→CCT) ,SynWH7803_0219 ←,hypothetical protein
239935,GsubT,0,0,0,0,0,0,0,0,0,1,0,0,0,0,0,0,0,0,0,0,0,0,0,0,0,0,0,0,0,0,0,0,0,0,0,0,H275N (CAC→AAC) ,SynWH7803_0219 ←,hypothetical protein
240165,CsubA,0,0,0,0,0,0,0,0,0,0,0,0,0,0,0,0,0,0,0,0,0,0,1,0,0,0,0,0,0,0,0,0,0,0,0,0,C198F (TGC→TTC) ,SynWH7803_0219 ←,hypothetical protein
240454,CsubA,0,0,0,0,0,0,0,0,0,0,0,0,0,0,0,0,0,0,0,0,0,0,0,0,0,0,0,1,0,0,0,0,0,0,0,0,E102* (GAA→TAA) ,SynWH7803_0219 ←,hypothetical protein
240719,GsubC,0,0,0,0,0,0,0,0,0,0,0,0,0,0,0,0,0,0,0,0,0,0,0,0,1,0,0,0,0,0,0,0,0,0,0,0,Y13* (TAC→TAG) ,SynWH7803_0219 ←,hypothetical protein
256217,CsubA,0,0,0,0,0,0,0,0,0,0,0,0,0,0,0,0,0,0,0,0,0,0,0,0,0,0,0,0,0,0,0,0,0,0,1,0,P58T (CCG→ACG) ,SynWH7803_0232 →,hypothetical protein
284356,AsubG,0,0,0,0,0,0,0,0,0,0,0,1,0,0,0,0,0,0,0,0,0,0,0,0,0,0,0,0,0,0,0,0,0,0,0,0,Y333H (TAT→CAT) ,SynWH7803_0260 ←,ABC transporter ATPase/permease
337494,GsubT,0,0,0,0,0,0,0,0,0,0,0,0,0,0,0,0,0,0,0,1,0,0,0,0,0,0,0,0,0,0,0,0,0,0,0,0,G15V (GGT→GTT) ,SynWH7803_0311 →,alpha‑glucosidase
340700,CsubA,0,0,0,0,0,0,0,0,0,0,0,0,0,0,0,0,0,0,0,0,0,0,0,0,0,0,0,0,0,0,0,0,0,1,0,0,R4S (CGC→AGC) ,psbH →,photosystem II reaction center protein H
414594,d1 bp,0,0,0,0,0,0,0,0,0,0,0,0,0,0,0,0,0,0,0,0,0,0,0,0,0,0,0,0,0,0,0,0,0,0,0,1,intergenic (‑85/‑116),SynWH7803_0389 ← / → SynWH7803_0390,hypothetical protein/hypothetical protein
451666,AsubG,0,1,0,0,0,0,0,0,0,0,0,0,0,0,0,0,0,0,0,0,0,0,0,0,0,0,0,0,0,0,0,0,0,0,0,0,I201V (ATC→GTC) ,SynWH7803_0438 →,HAD family phosphatase
482235,2 bpsubCC,0,0,0,0,0,0,0,0,0,0,0,1,0,0,0,0,0,0,0,0,0,0,0,0,0,0,0,0,0,0,0,0,0,0,0,0,coding (737‑738/960 nt),SynWH7803_0470 →,oxidoreductase
490652,GsubT,0,0,0,0,0,0,0,0,0,0,0,0,0,0,0,0,0,0,0,0,0,0,0,0,0,0,0,0,0,0,0,0,0,1,0,0,P190T (CCG→ACG) ,pebB ←,phycoerythrobilin:ferredoxin oxidoreductase
492222,CsubT,0,0,1,0,0,0,0,0,0,0,0,0,0,0,0,0,0,0,0,0,0,0,0,0,0,0,0,0,0,0,0,0,0,0,0,0,V109M (GTG→ATG) ,SynWH7803_0483 ←,hypothetical protein
498871,GsubA,0,0,0,0,0,0,0,0,0,0,0,1,0,0,0,0,0,0,0,0,0,0,0,0,0,0,0,0,0,0,0,0,0,0,0,0,A231T (GCT→ACT) ,cpeY →,bilin biosynthesis protein CpeY
504192,GsubA,0,0,0,0,0,0,0,0,0,0,0,0,0,1,0,0,0,0,0,0,0,0,0,0,0,0,0,0,0,0,0,0,0,0,0,0,I96I (ATC→ATT) ,cpeS ←,phycoerythrin linker gene region
534877,GsubA,0,0,1,1,0,0,0,0,0,0,0,0,0,0,0,0,0,0,0,1,0,0,0,0,0,0,0,0,0,0,0,0,0,0,0,0,noncoding (339/1497 nt),RNA_16 →,16S ribosomal RNA
535535,GsubC,0,0,0,1,0,1,0,0,0,0,0,0,0,0,0,1,0,0,1,1,1,1,1,0,0,0,0,1,1,1,0,0,0,0,0,0,noncoding (997/1497 nt),RNA_16 →,16S ribosomal RNA
535604,TsubC,0,0,1,1,0,1,0,0,0,0,0,0,0,0,0,1,0,0,0,1,0,1,1,0,0,0,0,1,1,1,0,0,0,0,0,0,noncoding (1066/1497 nt),RNA_16 →,16S ribosomal RNA
565198,subC,0,0,0,0,0,0,0,0,1,0,0,0,0,0,0,0,0,0,0,0,0,0,0,0,0,0,0,0,0,0,0,0,0,0,0,0,coding (4/1719 nt),SynWH7803_0558 ←,hypothetical protein
568385,AsubG,0,0,0,0,0,0,0,0,0,0,0,0,0,0,0,0,1,0,0,0,0,0,0,0,0,0,0,0,0,0,0,0,0,0,0,0,L150L (CTA→CTG) ,SynWH7803_0562 →,hypothetical protein
740859,TsubG,1,1,1,1,1,1,0,1,1,1,1,1,1,1,1,1,1,1,1,1,1,1,1,1,1,1,1,1,1,1,1,1,1,1,1,1,K14Q (AAG→CAG) ,SynWH7803_0756 ←,glycogen branching protein
758238,GsubC,0,1,0,0,0,0,0,0,0,0,0,0,0,0,0,0,0,0,0,0,0,0,0,0,0,0,0,0,0,0,0,0,0,0,0,0,L34V (CTC→GTC) ,prlC ←,oligopeptidase A
771126,2 bpsubTG,0,0,0,0,0,0,0,0,0,0,0,0,0,0,0,0,0,0,0,0,0,0,0,0,0,0,0,0,0,0,0,0,0,0,1,0,coding (855‑856/1077 nt),psbA →,photosystem II protein D1
771129,2 bpsubAC,0,0,0,0,0,0,0,0,0,0,0,0,0,0,0,0,0,0,0,0,0,0,0,0,0,0,0,0,0,0,0,0,0,0,1,0,coding (858‑859/1077 nt),psbA →,photosystem II protein D1
771136,AsubG,0,0,0,0,0,0,0,0,0,0,0,0,0,0,0,0,0,0,0,0,0,0,0,0,0,0,0,0,0,0,0,0,0,0,1,0,I289V (ATC→GTA) ,psbA →,photosystem II protein D1
771138,CsubA,0,0,0,0,0,0,0,0,0,0,0,0,0,0,0,0,0,0,0,0,0,0,0,0,0,0,0,0,0,0,0,0,0,0,1,0,I289V (ATC→GTA) ,psbA →,photosystem II protein D1
771150,GsubA,0,0,0,0,0,0,0,0,0,0,0,0,0,0,0,0,0,0,0,0,0,0,0,0,0,0,0,0,0,0,0,0,0,0,1,0,A293A (GCG→GCA) ,psbA →,photosystem II protein D1
771183,2 bpsubTA,0,0,0,0,0,0,0,0,0,0,0,0,0,0,0,0,0,0,0,0,0,0,0,0,0,0,0,0,0,0,0,0,0,0,1,0,coding (912‑913/1077 nt),psbA →,photosystem II protein D1
771186,2 bpsubCG,0,0,0,0,0,0,0,0,0,0,0,0,0,0,0,0,0,0,0,0,0,0,0,0,0,0,0,0,0,0,0,0,0,0,1,0,coding (915‑916/1077 nt),psbA →,photosystem II protein D1
771189,GsubT,0,0,0,0,0,0,0,0,0,0,0,0,0,0,0,0,0,0,0,0,0,0,0,0,0,0,0,0,0,0,0,0,0,0,1,0,L306L (CTG→CTT) ,psbA →,photosystem II protein D1
771193,3 bpsubAGT,0,0,0,0,0,0,0,0,0,0,0,0,0,0,0,0,0,0,0,0,0,0,0,0,0,0,0,0,0,0,0,0,0,0,1,0,coding (922‑924/1077 nt),psbA →,photosystem II protein D1
771201,4 bpsubTAAA,0,0,0,0,0,0,0,0,0,0,0,0,0,0,0,0,0,0,0,0,0,0,0,0,0,0,0,0,0,0,0,0,0,0,1,0,coding (930‑933/1077 nt),psbA →,photosystem II protein D1
771207,2 bpsubTA,0,0,0,0,0,0,0,0,0,0,0,0,0,0,0,0,0,0,0,0,0,0,0,0,0,0,0,0,0,0,0,0,0,0,1,0,coding (936‑937/1077 nt),psbA →,photosystem II protein D1
771210,GsubC,0,0,0,0,0,0,0,0,0,0,0,0,0,0,0,0,0,0,0,0,0,0,0,0,0,0,0,0,0,0,0,0,0,0,1,0,L313L (CTG→CTC) ,psbA →,photosystem II protein D1
771222,TsubA,0,0,0,0,0,0,0,0,0,0,0,0,0,0,0,0,0,0,0,0,0,0,0,0,0,0,0,0,0,0,0,0,0,0,1,0,A317A (GCT→GCA) ,psbA →,photosystem II protein D1
771225,TsubC,0,0,0,0,0,0,0,0,0,0,0,0,0,0,0,0,0,0,0,0,0,0,0,0,0,0,0,0,0,0,0,0,0,0,1,0,D318D (GAT→GAC) ,psbA →,photosystem II protein D1
771228,GsubT,0,0,0,0,0,0,0,0,0,0,0,0,0,0,0,0,0,0,0,0,0,0,0,0,0,0,0,0,0,0,0,0,0,0,1,0,V319V (GTG→GTT) ,psbA →,photosystem II protein D1
771231,GsubC,0,0,0,0,0,0,0,0,0,0,0,0,0,0,0,0,0,0,0,0,0,0,0,0,0,0,0,0,0,0,0,0,0,0,1,0,L320L (CTG→CTC) ,psbA →,photosystem II protein D1
771237,CsubT,0,0,0,0,0,0,0,0,0,0,0,0,0,0,0,0,0,0,0,0,0,0,0,0,0,0,0,0,0,0,0,0,0,0,1,0,R322R (CGC→CGT) ,psbA →,photosystem II protein D1
771240,4 bpsubTGGT,0,0,0,0,0,0,0,0,0,0,0,0,0,0,0,0,0,0,0,0,0,0,0,0,0,0,0,0,0,0,0,0,0,0,1,0,coding (969‑972/1077 nt),psbA →,photosystem II protein D1
771246,CsubT,0,0,0,0,0,0,0,0,0,0,0,0,0,0,0,0,0,0,0,0,0,0,0,0,0,0,0,0,0,0,0,0,0,0,1,0,L325L (CTC→CTT) ,psbA →,photosystem II protein D1
771249,AsubC,0,0,0,0,0,0,0,0,0,0,0,0,0,0,0,0,0,0,0,0,0,0,0,0,0,0,0,0,0,0,0,0,0,0,1,0,G326G (GGA→GGC) ,psbA →,photosystem II protein D1
771273,CsubT,0,0,0,0,0,0,0,0,0,0,0,0,0,0,0,0,0,0,0,0,0,0,0,0,0,0,0,0,0,0,0,0,0,0,1,0,N334N (AAC→AAT) ,psbA →,photosystem II protein D1
771288,CsubT,0,0,0,0,0,0,0,0,0,0,0,0,0,0,0,0,0,0,0,0,0,0,0,0,0,0,0,0,0,0,0,0,0,0,1,0,P339P (CCC→CCT) ,psbA →,photosystem II protein D1
771291,CsubT,0,0,0,0,0,0,0,0,0,0,0,0,0,0,0,0,0,0,0,0,0,0,0,0,0,0,0,0,0,0,0,0,0,0,1,0,L340L (CTC→CTT) ,psbA →,photosystem II protein D1
771297,GsubT,0,0,0,0,0,0,0,0,0,0,0,0,0,0,0,0,0,0,0,0,0,0,0,0,0,0,0,0,0,0,0,0,0,0,1,0,L342L (CTG→CTT) ,psbA →,photosystem II protein D1
771303,2 bpsubTG,0,0,0,0,0,0,0,0,0,0,0,0,0,0,0,0,0,0,0,0,0,0,0,0,0,0,0,0,0,0,0,0,0,0,1,0,coding (1032‑1033/1077 nt),psbA →,photosystem II protein D1
821170,GsubA,0,0,0,0,0,0,0,0,0,0,0,0,0,0,0,0,0,0,0,0,0,0,0,0,0,0,0,0,0,0,0,0,0,0,1,0,R602W (CGG→TGG) ,ggt ←,gamma‑glutamyltranspeptidase
917144,GsubT,1,0,0,1,0,0,0,0,0,0,1,0,0,0,0,0,1,0,0,0,0,0,0,0,0,0,0,0,0,0,0,0,0,0,0,0,H41N (CAC→AAC) ,hupE ←,hydrogenase accessory membrane protein
917611,CsubT,0,0,0,1,0,0,0,0,0,0,0,0,0,0,0,0,0,0,0,0,0,0,0,0,0,0,0,0,0,0,0,0,0,0,0,0,intergenic (‑12/‑91),SynWH7803_0995 ← / → SynWH7803_0996,hypothetical protein/hypothetical protein
934026,CsubG,0,0,0,0,0,0,0,0,0,0,0,0,0,0,0,0,0,0,0,0,0,0,0,0,0,0,0,0,0,0,1,0,0,0,0,0,L338V (CTC→GTC) ,SynWH7803_1018 →,hypothetical protein
951302,GsubT,0,0,0,0,0,0,0,0,0,0,0,0,0,0,0,0,0,0,1,0,0,0,0,0,0,0,0,0,0,0,0,0,0,0,0,0,D217Y (GAC→TAC) ,comB →,2‑phosphosulfolactate phosphatase
1019327,d1 bp,0,0,0,1,0,0,0,0,0,0,0,0,0,0,0,0,0,0,0,0,0,0,0,0,0,0,0,0,0,0,0,0,0,0,0,0,coding (777/933 nt),SynWH7803_1114 →,kinase
1019857,CsubA,0,0,0,0,0,0,0,0,0,0,0,0,0,0,0,0,0,0,0,0,0,0,0,0,0,0,0,0,0,0,0,0,0,0,0,1,P37T (CCG→ACG) ,ftsH →,cell division protein FtsH
1020535,GsubT,0,0,0,0,0,0,0,0,0,0,0,0,0,0,0,0,0,0,0,1,0,0,0,0,0,0,0,0,0,0,0,0,0,0,0,0,G263C (GGC→TGC) ,ftsH →,cell division protein FtsH
1061867,CsubT,0,0,0,1,0,0,0,0,0,0,0,0,0,0,0,0,0,0,0,0,0,0,0,0,0,0,0,0,0,0,0,0,0,0,0,0,G200E (GGG→GAG) ,SynWH7803_1161 ←,hypothetical protein
1062902,AsubC,1,1,1,1,1,1,0,1,1,1,1,1,1,1,1,1,1,1,1,1,1,1,1,1,1,1,1,1,1,1,1,1,1,1,1,1,F26C (TTT→TGT) ,fur ←,ferric uptake regulator family protein
1135395,GsubT,0,0,0,0,0,0,0,0,0,0,0,0,0,0,0,0,0,0,0,0,0,0,0,0,0,0,0,0,0,0,1,0,0,0,0,0,S5Y (TCT→TAT) ,pstA ←,phosphate ABC transporter permease
1175012,GsubA,0,0,0,0,0,0,0,0,0,0,0,0,0,0,0,0,0,0,0,1,0,0,0,0,0,0,0,0,0,0,0,0,0,0,0,0,S24S (TCC→TCT) ,SynWH7803_1279 ←,hypothetical protein
1268916,CsubT,0,0,0,0,0,0,0,0,0,0,0,0,0,0,0,0,0,0,0,0,0,0,0,0,0,0,0,0,0,0,0,0,1,0,0,0,S44N (AGT→AAT) ,SynWH7803_1381 ←,cation efflux family protein
1268922,CsubG,0,0,0,0,0,0,0,0,0,0,0,0,0,0,0,0,0,0,0,0,0,0,0,0,0,0,0,0,0,0,0,0,1,0,0,0,R42P (CGG→CCG) ,SynWH7803_1381 ←,cation efflux family protein
1271925,d1 bp,0,0,0,0,0,0,0,0,0,0,0,0,0,0,0,0,0,0,0,0,0,0,0,0,0,0,0,0,0,0,1,0,0,0,0,0,coding (1105/1161 nt),SynWH7803_1386 ←,two‑component system sensor histidine kinase
1272000,CsubA,0,0,0,0,0,0,0,0,0,0,0,0,0,0,0,1,0,0,0,0,0,0,0,0,0,0,0,0,0,0,0,1,0,0,0,0,G344* (GGA→TGA) ,SynWH7803_1386 ←,two‑component system sensor histidine kinase
1272008,CsubA,0,0,0,0,0,0,0,0,0,0,0,0,0,0,0,1,0,0,0,0,0,0,0,0,0,0,0,0,0,0,0,1,0,0,0,0,S341I (AGT→ATT) ,SynWH7803_1386 ←,two‑component system sensor histidine kinase
1272988,d1 bp,0,0,0,0,0,0,0,0,0,0,0,0,0,0,0,0,0,0,0,0,0,0,0,0,0,0,0,0,0,0,0,0,0,0,1,0,coding (42/1161 nt),SynWH7803_1386 ←,two‑component system sensor histidine kinase
1328915,subT,0,0,0,0,0,0,0,0,0,0,0,0,0,0,0,0,0,0,0,0,0,0,0,0,0,0,0,0,0,0,0,0,0,0,1,0,coding (205/636 nt),SynWH7803_1446 →,hypothetical protein
1372875,CsubA,0,0,0,0,0,0,0,0,0,0,1,0,0,0,0,0,0,0,0,0,0,0,0,0,0,0,0,0,0,0,0,0,0,0,0,0,intergenic (‑79/‑38),SynWH7803_1498 ← / → RNA_30,hypothetical protein/tRNA‑Ser
1379294,AsubC,0,0,0,0,0,0,0,0,0,1,0,0,0,0,0,0,0,0,0,0,0,0,0,0,0,0,0,0,0,0,0,0,0,0,0,0,R331R (CGA→CGC) ,recC →,exodeoxyribonuclease V subunit gamma
1407417,CsubG,0,0,0,0,0,0,0,0,0,0,0,0,0,0,0,0,0,0,1,0,0,0,0,0,0,0,0,0,0,0,0,0,0,0,0,0,A6P (GCC→CCC) ,uppS ←,undecaprenyl pyrophosphate synthase
1500963,CsubT,0,0,0,0,0,0,0,0,0,0,0,0,0,0,0,0,0,0,1,0,0,0,0,0,0,0,0,0,0,0,0,0,0,0,0,0,A84T (GCG→ACG) ,pntAA ←,NAD/NADP transhydrogenase subunit alpha part 1
1565247,CsubA,0,0,0,0,1,0,0,0,0,0,0,0,0,0,0,0,0,0,0,0,0,0,0,0,0,0,0,0,0,0,0,0,0,0,0,0,L490L (CTG→CTT) ,SynWH7803_1711 ←,protein kinase
1618650,GsubC,0,0,0,0,0,0,0,0,0,0,0,0,0,0,0,0,0,0,0,0,0,0,0,0,1,0,0,0,0,0,0,0,0,0,0,0,L150L (CTG→CTC) ,ilvC →,ketol‑acid reductoisomerase
1640030,GsubT,0,0,0,0,0,0,0,0,0,0,0,0,0,0,0,0,0,0,0,0,0,0,0,0,0,0,0,0,0,0,0,0,1,0,0,0,P169T (CCG→ACG) ,SynWH7803_1789 ←,hypothetical protein
1703838,GsubA,0,0,0,0,0,0,0,0,0,0,1,0,0,0,0,0,0,0,0,0,0,0,0,0,0,0,0,0,0,0,0,0,0,0,0,0,G163S (GGT→AGT) ,SynWH7803_1859 →,glycosyltransferase family protein
1723445,CsubA,0,0,0,0,0,0,0,0,0,0,1,0,0,0,0,0,0,0,0,0,0,0,0,0,0,0,0,0,0,0,0,0,0,0,0,0,V70L (GTG→TTG) ,SynWH7803_1882 ←,hypothetical protein
1760010,GsubC,0,0,1,0,0,0,0,0,0,0,0,0,0,0,0,0,0,0,0,0,0,0,0,0,0,0,0,0,0,0,0,0,0,0,0,0,L23L (CTG→CTC) ,SynWH7803_1923 →,hypothetical protein
1891124,CsubT,0,0,0,0,0,0,0,0,0,0,0,0,0,0,0,0,0,0,0,0,0,0,1,0,0,0,0,0,0,0,0,0,0,0,0,0,D20N (GAC→AAC) ,tatD ←,Mg‑dependent DNase
1922186,GsubT,0,0,0,0,0,0,0,0,0,0,0,0,0,0,0,0,0,0,0,0,0,0,0,0,0,0,0,0,1,0,0,0,0,0,0,0,D71Y (GAC→TAC) ,SynWH7803_2093 →,hypothetical protein
1945019,GsubA,0,0,0,0,0,1,0,0,0,0,0,0,0,0,0,0,0,0,0,0,0,0,0,0,0,0,0,0,0,0,0,0,0,0,0,0,L52F (CTC→TTC) ,SynWH7803_2122 ←,hypothetical protein
2006492,GsubA,0,0,0,0,0,0,0,0,0,0,0,0,1,0,0,0,0,0,0,0,0,0,0,0,0,0,0,0,0,0,0,0,0,0,0,0,E529E (GAG→GAA) ,uup →,ABC transporter ATPase
2019461,GsubA,0,0,0,0,0,0,0,0,0,0,0,0,0,0,0,0,0,0,0,0,0,0,0,0,0,0,0,0,0,0,0,1,0,0,1,0,noncoding (1473/1497 nt),RNA_51 ←,16S ribosomal RNA
2019464,GsubC,0,0,0,0,0,0,0,0,0,0,0,0,0,0,0,0,0,0,0,0,0,0,0,0,0,0,0,0,0,0,0,1,0,0,1,0,noncoding (1470/1497 nt),RNA_51 ←,16S ribosomal RNA
2019467,2 bpsubGG,0,0,0,0,0,0,0,0,0,0,1,0,0,0,0,0,0,0,0,0,0,0,0,0,0,0,0,0,0,0,1,1,1,0,1,0,noncoding (1466‑1467/1497 nt),RNA_51 ←,16S ribosomal RNA
2019473,2 bpsubCC,0,0,0,0,0,0,0,0,0,0,1,0,0,0,0,0,0,0,0,0,0,0,0,0,0,0,0,0,0,0,1,1,1,0,1,0,noncoding (1460‑1461/1497 nt),RNA_51 ←,16S ribosomal RNA
2019477,CsubG,0,0,0,0,0,0,0,0,0,0,0,0,0,0,0,0,0,0,0,0,0,0,0,0,0,0,0,0,0,0,0,1,0,0,1,0,noncoding (1457/1497 nt),RNA_51 ←,16S ribosomal RNA
2019480,CsubT,0,0,0,0,0,0,0,0,0,0,0,0,0,0,0,0,0,0,0,0,0,0,0,0,0,0,0,0,0,0,0,1,0,0,1,0,noncoding (1454/1497 nt),RNA_51 ←,16S ribosomal RNA
2019509,CsubG,0,0,0,0,0,0,0,0,0,0,0,0,0,0,0,0,0,0,0,0,0,0,0,0,0,0,0,0,0,0,1,1,1,0,1,0,noncoding (1425/1497 nt),RNA_51 ←,16S ribosomal RNA
2019511,GsubA,0,0,0,0,0,0,0,0,0,0,1,0,0,0,0,0,0,0,0,0,0,0,0,0,0,0,0,0,0,0,1,0,1,0,1,0,noncoding (1423/1497 nt),RNA_51 ←,16S ribosomal RNA
2019511,2 bpsubAA,0,0,0,0,0,0,0,0,0,0,0,0,0,0,0,0,0,0,0,0,0,0,0,0,0,0,0,0,0,0,0,1,0,0,0,0,noncoding (1422‑1423/1497 nt),RNA_51 ←,16S ribosomal RNA
2019514,CsubA,0,0,0,0,0,0,0,0,0,0,0,0,0,0,0,0,0,0,0,0,0,0,0,0,0,0,0,0,0,0,1,1,1,0,1,0,noncoding (1420/1497 nt),RNA_51 ←,16S ribosomal RNA
2019519,TsubG,0,0,0,0,0,0,0,0,0,0,1,0,0,0,0,0,0,0,0,0,0,0,0,0,0,0,0,0,0,0,1,1,1,0,1,0,noncoding (1415/1497 nt),RNA_51 ←,16S ribosomal RNA
2019521,CsubG,0,0,0,0,0,0,0,0,0,0,1,0,0,0,0,0,0,0,0,0,0,0,0,0,0,0,0,0,0,0,1,1,1,0,1,0,noncoding (1413/1497 nt),RNA_51 ←,16S ribosomal RNA
2019523,AsubT,0,0,0,0,0,0,0,0,0,0,1,0,0,0,0,0,0,0,0,0,0,0,0,0,0,0,0,0,0,0,1,0,1,0,0,0,noncoding (1411/1497 nt),RNA_51 ←,16S ribosomal RNA
2019523,3 bpsubTAA,0,0,0,0,0,0,0,0,0,0,0,0,0,0,0,0,0,0,0,0,0,0,0,0,0,0,0,0,0,0,0,1,0,0,1,0,noncoding (1409‑1411/1497 nt),RNA_51 ←,16S ribosomal RNA
2019525,GsubA,0,0,0,0,0,0,0,0,0,0,0,0,0,0,0,0,0,0,0,0,0,0,0,0,0,0,0,0,0,0,0,0,1,0,0,0,noncoding (1409/1497 nt),RNA_51 ←,16S ribosomal RNA
2019528,CsubG,0,0,0,0,0,0,0,0,0,0,0,0,0,0,0,0,0,0,0,0,0,0,0,0,0,0,0,0,0,0,0,1,1,0,1,0,noncoding (1406/1497 nt),RNA_51 ←,16S ribosomal RNA
2019538,GsubA,0,0,0,0,0,0,0,0,0,0,1,0,0,0,0,0,0,0,0,0,0,0,0,0,0,0,0,0,0,0,1,1,1,0,1,0,noncoding (1396/1497 nt),RNA_51 ←,16S ribosomal RNA
2019543,GsubA,0,0,0,0,0,0,0,0,0,0,1,0,0,0,0,0,0,0,0,0,0,0,0,0,0,0,0,0,0,0,1,1,1,0,1,0,noncoding (1391/1497 nt),RNA_51 ←,16S ribosomal RNA
2019546,GsubC,0,0,0,0,0,0,0,0,0,0,0,0,0,0,0,0,0,0,0,0,0,0,0,0,0,0,0,0,0,0,0,1,0,0,1,0,noncoding (1388/1497 nt),RNA_51 ←,16S ribosomal RNA
2019551,2 bpsubTA,0,0,0,0,0,0,0,0,0,0,0,0,0,0,0,0,0,0,0,0,0,0,0,0,0,0,0,0,0,0,0,1,0,0,1,0,noncoding (1382‑1383/1497 nt),RNA_51 ←,16S ribosomal RNA
2019552,GsubA,0,0,0,0,0,0,0,0,0,0,0,0,0,0,0,0,0,0,0,0,0,0,0,0,0,0,0,0,0,0,0,0,1,0,0,0,noncoding (1382/1497 nt),RNA_51 ←,16S ribosomal RNA
2019557,GsubT,0,0,0,0,0,0,0,0,0,0,0,0,0,0,0,0,0,0,0,0,0,0,0,0,0,0,0,0,0,0,0,1,0,0,1,0,noncoding (1377/1497 nt),RNA_51 ←,16S ribosomal RNA
2019560,CsubT,0,0,0,0,0,0,0,0,0,0,1,0,0,0,0,0,0,0,0,0,0,0,0,0,0,0,0,0,0,0,1,1,1,0,1,0,noncoding (1374/1497 nt),RNA_51 ←,16S ribosomal RNA
2019562,3 bpsubCAT,0,0,0,0,0,0,0,0,0,0,0,0,0,0,0,0,0,0,0,0,0,0,0,0,0,0,0,0,0,0,1,0,0,0,0,0,noncoding (1370‑1372/1497 nt),RNA_51 ←,16S ribosomal RNA
2019562,2 bpsubCA,0,0,0,0,0,0,0,0,0,0,0,0,0,0,0,0,0,0,0,0,0,0,0,0,0,0,0,0,0,0,0,1,1,0,1,0,noncoding (1371‑1372/1497 nt),RNA_51 ←,16S ribosomal RNA
2019563,GsubA,0,0,0,0,0,0,0,0,0,0,1,0,0,0,0,0,0,0,0,0,0,0,0,0,0,0,0,0,0,0,0,0,0,0,0,0,noncoding (1371/1497 nt),RNA_51 ←,16S ribosomal RNA
2019567,AsubC,0,0,0,0,0,0,0,0,0,0,0,0,0,0,0,0,0,0,0,0,0,0,0,0,0,0,0,0,0,0,0,1,0,0,1,0,noncoding (1367/1497 nt),RNA_51 ←,16S ribosomal RNA
2019571,TsubC,1,1,1,1,1,1,0,1,1,1,1,0,1,1,1,1,1,1,1,1,1,1,1,1,1,1,1,1,1,1,1,1,1,0,1,1,noncoding (1363/1497 nt),RNA_51 ←,16S ribosomal RNA
2019621,AsubG,0,0,0,0,1,0,0,0,0,0,0,0,0,0,0,0,0,0,0,0,0,0,0,0,0,0,0,0,0,0,0,0,0,0,0,0,noncoding (1313/1497 nt),RNA_51 ←,16S ribosomal RNA
2019623,TsubC,0,0,0,0,1,0,0,0,0,0,0,0,0,0,0,0,0,0,0,0,0,0,0,0,0,0,0,0,0,0,0,0,0,0,0,0,noncoding (1311/1497 nt),RNA_51 ←,16S ribosomal RNA
2019626,GsubT,0,0,0,0,0,0,0,0,0,0,1,1,0,0,0,0,0,0,0,0,0,0,0,0,0,0,0,0,0,0,0,1,1,0,1,1,noncoding (1308/1497 nt),RNA_51 ←,16S ribosomal RNA
2019631,CsubT,0,0,0,0,1,1,0,0,0,0,0,0,0,0,0,0,0,0,0,0,0,0,0,0,0,0,0,0,0,0,0,0,0,0,0,0,noncoding (1303/1497 nt),RNA_51 ←,16S ribosomal RNA
2019633,TsubC,0,0,0,0,1,1,0,0,0,0,0,0,0,0,0,0,0,0,0,0,0,0,0,0,0,0,0,0,0,0,0,0,0,0,0,0,noncoding (1301/1497 nt),RNA_51 ←,16S ribosomal RNA
2019653,CsubA,1,1,1,0,1,1,0,1,0,0,1,1,1,0,1,1,1,1,1,1,1,1,1,1,1,0,1,1,1,1,1,1,1,0,1,1,noncoding (1281/1497 nt),RNA_51 ←,16S ribosomal RNA
2019659,CsubT,1,1,1,1,1,1,0,0,1,1,1,1,0,1,0,1,1,0,1,0,0,0,0,1,1,0,0,0,0,1,1,0,0,0,0,0,noncoding (1275/1497 nt),RNA_51 ←,16S ribosomal RNA
2019661,TsubG,1,1,1,0,1,1,0,1,0,0,1,1,1,1,1,1,1,1,1,1,1,1,1,1,1,0,1,1,1,1,1,1,1,0,1,1,noncoding (1273/1497 nt),RNA_51 ←,16S ribosomal RNA
2019664,GsubT,1,1,1,1,1,1,0,1,1,1,1,1,1,1,1,1,1,1,1,1,1,1,1,1,1,1,1,1,1,1,1,1,1,0,1,1,noncoding (1270/1497 nt),RNA_51 ←,16S ribosomal RNA
2019675,CsubA,1,1,1,1,1,1,0,1,1,1,1,1,1,1,1,1,1,1,1,1,1,1,1,1,1,1,1,1,1,1,1,1,1,0,1,1,noncoding (1259/1497 nt),RNA_51 ←,16S ribosomal RNA
2019678,AsubC,1,1,1,0,0,1,0,0,0,0,1,1,1,0,1,1,1,1,0,1,1,1,1,1,1,0,1,1,1,1,1,1,1,0,1,1,noncoding (1256/1497 nt),RNA_51 ←,16S ribosomal RNA
2019680,GsubA,1,1,1,1,1,1,0,0,1,1,1,1,0,1,0,1,1,0,1,1,0,0,1,1,1,0,0,0,0,1,1,0,0,0,0,0,noncoding (1254/1497 nt),RNA_51 ←,16S ribosomal RNA
2019684,TsubC,1,1,1,1,1,1,0,1,1,1,1,1,1,1,1,1,1,1,1,1,1,1,1,1,1,1,1,1,1,1,1,1,1,0,1,1,noncoding (1250/1497 nt),RNA_51 ←,16S ribosomal RNA
2019686,AsubG,0,0,0,0,0,0,0,0,0,0,1,1,0,0,0,0,0,0,0,0,0,0,0,0,0,0,0,0,0,0,1,1,1,0,1,1,noncoding (1248/1497 nt),RNA_51 ←,16S ribosomal RNA
2019690,2 bpsubAC,0,0,0,0,0,0,0,0,0,0,1,0,0,0,0,0,0,0,0,0,0,0,0,0,0,0,0,0,0,0,1,1,1,0,1,1,noncoding (1243‑1244/1497 nt),RNA_51 ←,16S ribosomal RNA
2019693,CsubA,1,0,0,0,1,1,0,0,0,0,1,0,1,0,1,1,1,0,0,1,0,1,1,0,0,0,0,1,1,1,1,1,1,0,1,1,noncoding (1241/1497 nt),RNA_51 ←,16S ribosomal RNA
2019695,AsubC,1,0,0,0,0,0,0,0,0,0,0,0,0,0,0,0,0,0,0,0,0,0,0,0,0,0,0,0,0,0,0,0,0,0,0,0,noncoding (1239/1497 nt),RNA_51 ←,16S ribosomal RNA
2019695,2 bpsubCA,0,0,0,0,0,1,0,0,0,0,0,0,0,0,0,1,0,0,0,0,0,0,0,0,0,0,0,0,0,0,0,0,0,0,0,0,noncoding (1238‑1239/1497 nt),RNA_51 ←,16S ribosomal RNA
2019696,CsubT,0,0,0,0,0,0,0,0,0,0,0,0,0,0,0,0,0,0,0,0,0,0,0,0,0,0,0,0,0,0,1,0,0,0,0,0,noncoding (1238/1497 nt),RNA_51 ←,16S ribosomal RNA
2019696,3 bpsubTTC,0,0,0,0,0,0,0,0,0,0,1,0,0,0,0,0,0,0,0,0,0,0,0,0,0,0,0,0,0,0,0,0,0,0,0,0,noncoding (1236‑1238/1497 nt),RNA_51 ←,16S ribosomal RNA
2019698,GsubT,0,0,0,0,0,1,0,0,0,0,0,0,0,0,0,1,0,0,0,0,0,0,0,0,0,0,0,0,0,1,0,0,0,0,0,0,noncoding (1236/1497 nt),RNA_51 ←,16S ribosomal RNA
2019698,GsubC,0,0,0,0,0,0,0,0,0,0,0,0,0,0,0,0,0,0,0,0,0,0,0,0,0,0,0,0,0,0,1,0,0,0,0,0,noncoding (1236/1497 nt),RNA_51 ←,16S ribosomal RNA
2019702,AsubT,0,0,0,1,0,0,0,0,0,0,0,0,0,0,0,0,0,0,0,0,1,0,0,0,0,0,0,0,0,0,0,0,0,0,0,0,noncoding (1232/1497 nt),RNA_51 ←,16S ribosomal RNA
2019703,TsubA,1,0,0,0,0,1,0,0,0,0,1,0,0,0,0,1,0,0,0,0,0,0,0,0,0,0,0,0,0,1,1,0,0,0,0,0,noncoding (1231/1497 nt),RNA_51 ←,16S ribosomal RNA
2019703,subA,0,0,0,0,0,0,0,0,0,0,0,0,0,0,0,0,0,0,0,0,1,0,0,0,0,0,0,0,0,0,0,0,0,0,0,0,noncoding (1231/1497 nt),RNA_51 ←,16S ribosomal RNA
2019705,AsubG,1,0,0,0,0,1,0,0,0,0,1,0,0,0,0,1,0,0,0,0,0,0,0,0,0,0,0,0,0,1,1,0,0,0,0,0,noncoding (1229/1497 nt),RNA_51 ←,16S ribosomal RNA
2019707,AsubG,0,0,0,0,0,0,0,0,0,0,1,0,0,0,0,0,0,0,0,0,0,0,0,0,0,0,0,0,0,0,0,0,0,0,0,0,noncoding (1227/1497 nt),RNA_51 ←,16S ribosomal RNA
2019709,2 bpsubCC,0,0,0,0,0,0,0,0,0,0,1,0,0,0,0,0,0,0,0,0,0,0,0,0,0,0,0,0,0,0,1,0,0,0,0,0,noncoding (1224‑1225/1497 nt),RNA_51 ←,16S ribosomal RNA
2019710,TsubA,0,0,0,1,0,0,0,0,1,1,0,0,0,0,0,0,0,0,0,0,1,0,0,0,0,1,0,0,0,0,0,0,0,0,0,0,noncoding (1224/1497 nt),RNA_51 ←,16S ribosomal RNA
2019713,TsubA,0,0,0,1,0,0,0,0,1,1,0,0,0,0,0,0,0,0,0,0,1,0,0,0,0,1,0,0,0,0,0,0,0,0,0,0,noncoding (1221/1497 nt),RNA_51 ←,16S ribosomal RNA
2019714,3 bpsubCCA,0,0,0,0,0,0,0,0,0,0,1,0,0,0,0,0,0,0,0,0,0,0,0,0,0,0,0,0,0,0,1,0,0,0,0,0,noncoding (1218‑1220/1497 nt),RNA_51 ←,16S ribosomal RNA
2019714,2 bpsubCC,0,0,0,0,0,0,0,0,0,0,0,0,0,0,0,0,0,0,0,0,0,0,0,0,0,0,0,0,0,0,0,1,0,0,1,1,noncoding (1219‑1220/1497 nt),RNA_51 ←,16S ribosomal RNA
2019715,GsubC,0,0,0,1,0,0,0,0,1,1,0,0,0,0,0,0,0,0,0,0,1,0,0,0,0,1,0,0,0,0,0,0,0,0,0,0,noncoding (1219/1497 nt),RNA_51 ←,16S ribosomal RNA
2019716,TsubG,1,0,0,0,0,1,0,0,0,0,0,0,0,0,0,1,1,0,0,0,0,0,0,0,0,0,0,0,0,1,0,0,0,0,0,0,noncoding (1218/1497 nt),RNA_51 ←,16S ribosomal RNA
2019717,CsubT,0,0,0,1,0,0,0,0,1,1,0,0,0,0,0,0,0,0,0,0,1,0,0,0,0,1,0,0,0,0,0,0,0,0,0,0,noncoding (1217/1497 nt),RNA_51 ←,16S ribosomal RNA
2019718,CsubA,0,0,0,0,0,0,0,0,0,0,1,0,0,0,0,0,0,0,0,0,0,0,0,0,0,0,0,0,0,0,1,0,0,0,0,0,noncoding (1216/1497 nt),RNA_51 ←,16S ribosomal RNA
2019721,GsubA,0,0,0,0,0,0,0,0,0,0,1,0,0,0,0,0,0,0,0,0,0,0,0,0,0,0,0,0,0,0,1,0,0,0,0,0,noncoding (1213/1497 nt),RNA_51 ←,16S ribosomal RNA
2019723,3 bpsubTGT,0,0,0,0,0,0,0,0,0,0,1,0,0,0,0,0,0,0,0,0,0,0,0,0,0,0,0,0,0,0,0,0,0,0,0,0,noncoding (1209‑1211/1497 nt),RNA_51 ←,16S ribosomal RNA
2019724,AsubG,0,0,0,0,0,0,0,0,0,0,0,0,0,0,0,0,0,0,0,0,0,0,0,0,0,0,0,0,0,0,0,1,0,0,1,1,noncoding (1210/1497 nt),RNA_51 ←,16S ribosomal RNA
2019724,2 bpsubGT,0,0,0,0,0,0,0,0,0,0,0,0,0,0,0,0,0,0,0,0,0,0,0,0,0,0,0,0,0,0,1,0,0,0,0,0,noncoding (1209‑1210/1497 nt),RNA_51 ←,16S ribosomal RNA
2019725,AsubC,0,0,0,0,0,0,0,0,0,0,0,0,0,0,1,0,0,0,0,0,0,0,0,0,0,0,0,0,0,0,0,0,0,0,0,0,noncoding (1209/1497 nt),RNA_51 ←,16S ribosomal RNA
2019725,2 bpsubCT,0,0,0,0,1,1,0,0,0,0,0,0,0,0,0,0,0,0,0,0,0,0,0,0,0,0,0,0,0,0,0,0,0,0,0,0,noncoding (1208‑1209/1497 nt),RNA_51 ←,16S ribosomal RNA
2019726,CsubG,0,0,0,1,0,0,0,0,1,0,0,0,0,0,0,0,0,0,0,0,1,0,0,0,0,1,0,0,0,0,0,0,0,0,0,0,noncoding (1208/1497 nt),RNA_51 ←,16S ribosomal RNA
2019728,TsubC,0,0,0,0,0,0,0,0,0,0,1,0,0,0,0,0,0,0,0,0,0,0,0,0,0,0,0,0,0,0,1,0,0,0,0,0,noncoding (1206/1497 nt),RNA_51 ←,16S ribosomal RNA
2019732,GsubT,0,0,0,0,0,0,0,0,0,0,1,0,0,0,0,0,0,0,0,0,0,0,0,0,0,0,0,0,0,0,1,0,0,0,0,0,noncoding (1202/1497 nt),RNA_51 ←,16S ribosomal RNA
2019734,TsubC,0,0,0,0,0,0,0,0,0,0,1,0,0,0,0,0,0,0,0,0,0,0,0,0,0,0,0,0,0,0,1,1,1,0,1,1,noncoding (1200/1497 nt),RNA_51 ←,16S ribosomal RNA
2019737,TsubC,0,0,0,0,0,0,0,0,0,0,1,0,0,0,0,0,0,0,0,0,0,0,0,0,0,0,0,0,0,0,1,1,1,0,1,1,noncoding (1197/1497 nt),RNA_51 ←,16S ribosomal RNA
2019741,CsubA,0,0,0,0,0,0,0,0,0,0,0,0,0,0,0,0,0,0,0,0,0,0,0,0,0,0,0,0,0,0,0,0,0,0,1,0,noncoding (1193/1497 nt),RNA_51 ←,16S ribosomal RNA
2019741,3 bpsubAAA,0,0,0,0,0,0,0,0,0,0,1,0,0,0,0,0,0,0,0,0,0,0,0,0,0,0,0,0,0,0,1,0,0,0,0,0,noncoding (1191‑1193/1497 nt),RNA_51 ←,16S ribosomal RNA
2019745,2 bpsubGC,0,0,0,0,0,0,0,0,0,0,1,0,0,0,0,0,0,0,0,0,0,0,0,0,0,0,0,0,0,0,1,0,0,0,0,0,noncoding (1188‑1189/1497 nt),RNA_51 ←,16S ribosomal RNA
2019746,GsubC,0,0,0,0,0,0,0,0,0,0,0,0,0,0,0,0,0,0,0,0,0,0,0,0,0,0,0,0,0,0,0,1,1,0,1,1,noncoding (1188/1497 nt),RNA_51 ←,16S ribosomal RNA
2019755,TsubC,0,0,0,0,0,0,0,0,0,0,1,0,0,0,0,0,0,0,0,0,0,0,0,0,0,0,0,0,0,0,1,1,1,0,1,1,noncoding (1179/1497 nt),RNA_51 ←,16S ribosomal RNA
2019769,AsubT,0,0,0,0,0,0,0,0,0,0,0,0,0,0,0,0,0,0,0,0,0,0,0,0,0,0,0,0,0,0,0,0,0,0,0,1,noncoding (1165/1497 nt),RNA_51 ←,16S ribosomal RNA
2019769,3 bpsubTAC,0,0,0,0,0,0,0,0,0,0,1,0,0,0,0,0,0,0,0,0,0,0,0,0,0,0,0,0,0,0,1,0,0,0,0,0,noncoding (1163‑1165/1497 nt),RNA_51 ←,16S ribosomal RNA
2019769,2 bpsubTA,0,0,0,0,0,0,0,0,0,0,0,0,0,0,0,0,0,0,0,0,0,0,0,0,0,0,0,0,0,0,0,1,0,0,1,0,noncoding (1164‑1165/1497 nt),RNA_51 ←,16S ribosomal RNA
2019773,TsubC,0,0,0,0,0,0,0,0,0,0,1,0,0,0,0,0,0,0,0,0,0,0,0,0,0,0,0,0,0,0,1,1,1,0,1,1,noncoding (1161/1497 nt),RNA_51 ←,16S ribosomal RNA
2019781,GsubC,0,0,0,0,0,0,0,0,0,0,1,0,0,0,0,0,0,0,0,0,0,0,0,0,0,0,0,0,0,0,1,1,1,0,1,1,noncoding (1153/1497 nt),RNA_51 ←,16S ribosomal RNA
2019799,AsubG,0,0,0,0,0,0,0,0,0,0,1,0,0,0,0,0,0,0,0,0,0,0,0,0,0,0,0,0,0,0,1,1,0,0,1,0,noncoding (1135/1497 nt),RNA_51 ←,16S ribosomal RNA
2019803,AsubC,0,0,0,0,0,0,0,0,0,0,1,0,0,0,0,0,0,0,0,0,0,0,0,0,0,0,0,0,0,0,1,1,1,0,1,1,noncoding (1131/1497 nt),RNA_51 ←,16S ribosomal RNA
2019820,AsubG,0,0,0,0,0,0,0,0,0,0,1,0,0,0,0,0,0,0,0,0,0,0,0,0,0,0,0,0,0,0,1,1,0,0,1,1,noncoding (1114/1497 nt),RNA_51 ←,16S ribosomal RNA
2019829,GsubA,0,0,0,0,0,0,0,0,0,0,1,0,0,0,0,0,0,0,0,0,0,0,0,0,0,0,0,0,0,0,1,1,0,0,1,0,noncoding (1105/1497 nt),RNA_51 ←,16S ribosomal RNA
2019835,TsubC,0,0,0,0,0,0,0,0,0,0,0,0,0,0,0,0,0,0,0,0,0,0,0,0,0,0,0,0,0,0,0,1,0,0,0,0,noncoding (1099/1497 nt),RNA_51 ←,16S ribosomal RNA
2019835,2 bpsubCT,0,0,0,0,0,0,0,0,0,0,0,0,0,0,0,0,0,0,0,0,0,0,0,0,0,0,0,0,0,0,0,0,0,0,1,0,noncoding (1098‑1099/1497 nt),RNA_51 ←,16S ribosomal RNA
2020039,AsubG,0,0,0,0,1,0,0,0,0,0,0,0,0,0,0,0,0,0,0,1,0,0,0,0,0,0,0,0,0,0,0,0,0,0,0,0,noncoding (895/1497 nt),RNA_51 ←,16S ribosomal RNA
2020081,CsubT,0,0,0,0,1,0,0,0,0,0,0,0,0,0,0,0,0,0,0,0,0,0,0,0,0,0,0,0,0,0,0,0,0,0,0,0,noncoding (853/1497 nt),RNA_51 ←,16S ribosomal RNA
2020083,CsubA,0,0,0,0,1,0,0,0,0,0,0,0,0,0,0,0,0,0,0,0,0,0,0,0,0,0,0,0,0,0,0,0,0,0,0,0,noncoding (851/1497 nt),RNA_51 ←,16S ribosomal RNA
2033672,CsubA,0,0,0,0,0,0,0,0,0,0,0,0,1,0,0,0,0,0,0,0,0,0,0,0,0,0,0,0,0,0,0,0,0,0,0,0,P106H (CCC→CAC) ,SynWH7803_2208 →,Fe‑S oxidoreductase
2034338,GsubA,0,0,0,0,0,0,0,0,0,0,0,0,0,0,0,0,0,0,0,1,0,0,0,0,0,0,0,0,0,0,0,0,0,0,0,0,G328D (GGT→GAT) ,SynWH7803_2208 →,Fe‑S oxidoreductase
2050905,GsubA,0,0,0,0,0,0,0,0,0,0,0,0,0,0,0,1,0,0,0,0,0,0,0,0,0,0,0,0,0,0,0,1,0,0,0,0,L414F (CTT→TTT) ,SynWH7803_2230 ←,Na+/H+ antiporter
2111877,CsubA,0,0,0,0,0,0,0,0,0,0,0,0,0,0,0,0,0,0,0,0,0,0,1,0,0,0,0,0,0,0,0,0,0,0,0,0,E126D (GAG→GAT) ,SynWH7803_2290 ←,NADH dehydrogenase subunit I
2125808,GsubT,0,0,0,0,0,0,0,0,0,1,0,0,0,0,0,0,0,0,0,0,0,0,0,0,0,0,0,0,0,0,0,0,0,0,0,0,intergenic (‑72/‑44),purE ← / → nagA,phosphoribosylaminoimidazole carboxylase catalytic subunit/N‑acetylglucosamine‑6‑phosphate deacetylase
2127789,subG,0,1,0,0,0,0,0,0,0,0,0,0,0,0,0,0,0,0,0,0,0,0,0,0,0,0,0,0,0,0,0,0,0,0,0,0,coding (534/573 nt),SynWH7803_2307 ←,hypothetical protein
2167252,CsubA,0,0,0,0,0,1,0,0,0,0,0,0,0,0,0,0,0,0,0,0,0,0,0,0,0,0,0,0,0,0,0,0,0,0,0,0,N172K (AAC→AAA) ,SynWH7803_2345 →,carbohydrate‑binding protein
2176220,GsubA,0,1,0,0,0,0,0,0,0,0,0,1,0,0,0,0,0,0,0,0,0,0,0,0,0,0,0,1,0,0,1,0,1,0,0,1,N633N (AAC→AAT) ,SynWH7803_2356 ←,hypothetical protein
2176310,GsubA,0,0,0,0,1,1,0,0,1,0,0,0,0,1,0,1,0,0,1,0,0,0,1,0,1,0,0,0,0,1,0,1,0,0,1,0,D603D (GAC→GAT) ,SynWH7803_2356 ←,hypothetical protein
2233661,subA,1,1,1,1,1,1,0,1,1,1,1,1,1,1,1,1,1,1,1,1,1,1,1,1,1,1,1,1,1,1,1,1,1,1,1,1,pseudogene (357/479 nt),SynWH7803_2402 →,hypothetical protein
